time,packet_loss,latency,throughput,energy_consumption
0.0,0.035178745246877786,94.77849861144985,1125.2555689893095,44.67554693145572
3.6036036036036037,0.04757139451274456,129.5418479387197,1047.648996338089,54.561878511909775
7.207207207207207,0.020197100859770546,132.58047689827148,727.7251076005423,53.57501298755049
10.81081081081081,0.076317825050278,70.37379345001676,1148.2630484046913,58.0991991095607
14.414414414414415,0.005027912317335837,141.1287454049619,1101.5547847305706,41.47439830990287
18.01801801801802,0.053740405750657555,111.58322624478964,1093.123862481721,41.2685018879277
21.62162162162162,0.057683181651546234,94.84174008739667,872.60690803469,47.641774128586434
25.225225225225227,0.06132693150048714,56.412322220052786,849.0801226511023,58.20709902183303
28.82882882882883,0.054272506899045427,94.76052029481413,726.3067511366266,34.16194042083339
32.432432432432435,0.023751590557918346,94.49513888953942,1072.1928025930397,50.6490288998978
36.03603603603604,0.022321081691121826,108.4467671982147,747.883027521364,39.99009324721568
39.63963963963964,0.07323061229652797,79.77118359531092,547.9013893302961,32.42899586539039
43.24324324324324,0.025180507267029563,129.7808140293574,844.8984378773623,47.1602687394373
46.846846846846844,0.07826856561798602,104.02871455530966,823.0404353792385,37.62022070243366
50.450450450450454,0.054369536514296574,91.3648912999907,1075.541504523068,38.317096022906185
54.054054054054056,0.05691273505495124,131.33435612848325,1348.7087222207354,49.8919809138118
57.65765765765766,0.03541912311287604,93.40639139596259,431.9059787325614,41.69773654422911
61.26126126126126,0.05970410949696925,89.16824979200031,903.1147479910985,53.86292906281108
64.86486486486487,0.00892167373209204,107.17145287610361,1039.0303108552353,61.36241977329754
68.46846846846847,0.03724785087590739,93.60554714669628,967.0625384687232,51.871309428675275
72.07207207207207,0.021666199642522622,69.63272707736309,900.508582018748,50.27782718405943
75.67567567567568,0.004671555943766748,104.97897853701379,1332.9406552603202,43.828887943046475
79.27927927927928,0.038426912202523804,74.84281889336722,1063.4193778031927,68.03278208859439
82.88288288288288,0.08262996655879115,131.30673011375876,613.4192991989131,45.96550413736181
86.48648648648648,0.002397341911664186,97.80500843448712,1209.1611495925165,58.63814694075488
90.09009009009009,0.09051857511515497,105.28959883816702,1118.4123604255108,44.7525808595669
93.69369369369369,0.00992464221531818,68.35688791170529,872.2770861252839,56.85192080841479
97.2972972972973,0.051297961424231424,113.26642585167637,1093.7769609381216,41.52531423247572
100.90090090090091,0.039241936640919066,77.78058571231287,1238.127477438917,25.23681870513038
104.50450450450451,0.0020178995425277012,90.92399356519003,675.8097763009432,29.79931179039079
108.10810810810811,0.07604650734774004,96.20700763097597,853.1744911166247,36.79522772724101
111.71171171171171,0.09355049916505076,84.79232966679541,944.8024311152978,49.64481815436247
115.31531531531532,0.019760591095575732,107.55247773186122,1054.1395676379261,35.72089027057994
118.91891891891892,0.004114474154104086,89.08502250691151,568.2737956759099,51.78575543649443
122.52252252252252,0.0664310208700366,108.22758678840685,952.6572311071521,40.31719663446836
126.12612612612612,0.021657604325500013,116.01652241352953,945.3328833330936,52.64940839377816
129.72972972972974,0.0926278974879522,104.7457542807523,861.4662599646275,47.27225752849815
133.33333333333334,0.004103720540802658,129.63406613118457,1166.1801400503925,50.30448849622875
136.93693693693695,0.03999122992403112,102.61235915320648,1082.696473919508,67.92839015675227
140.54054054054055,0.05587154371654546,131.64016676571768,1091.9729922820375,37.17760793739133
144.14414414414415,0.002509742722363717,96.19280354194714,1188.1015520336875,38.72012414806698
147.74774774774775,0.024986277285017178,81.36585018998618,1049.8704741554761,36.16020884004938
151.35135135135135,0.0339336147577148,112.23209592361266,1037.4940512457126,52.18183475764395
154.95495495495496,0.06159391179156969,111.22709706324005,1420.9358939065628,42.231700905189896
158.55855855855856,0.04104556988621738,39.30585512076242,893.6805131164906,36.94341747769984
162.16216216216216,0.0649564923136319,117.67900319444198,853.7727376843079,63.26670954533654
165.76576576576576,0.0712715687490165,144.63956583295774,992.4587038247653,63.42119205773378
169.36936936936937,0.02681043984966225,81.51479449970387,821.4564677606747,52.25451623454728
172.97297297297297,0.07508848039204805,81.18119045453787,533.7309211803548,56.83170505166895
176.57657657657657,0.06776649476043144,68.4258461072657,975.8338298328084,34.40760398116907
180.18018018018017,0.011802581942630142,86.5688015712647,1211.187059352361,36.344060758993564
183.78378378378378,0.0076048777869757835,92.03995236242724,899.9642801420988,36.05830678596097
187.38738738738738,0.059795770835546394,79.59730938959575,1036.3313820977678,45.03277827563729
190.99099099099098,0.04622343766113062,83.45302711499805,1415.9781861325835,28.539391328135572
194.5945945945946,0.045032994418580496,89.28229304501893,1309.232568143733,34.71648389940985
198.1981981981982,0.004194891582301063,133.199539775911,756.074200655136,40.1105460818026
201.80180180180182,0.0771433195799116,60.0859516318928,1058.9471746617667,62.12447567758103
205.40540540540542,0.047512373695042534,104.48604656731578,1166.0178006639735,54.30319940241574
209.00900900900902,0.01676651791905457,131.24016051960768,889.7982405314949,56.87284838329743
212.61261261261262,0.03390709595327151,117.82813760647063,904.4013368312895,60.463995343278576
216.21621621621622,0.06192961749007302,114.72554597121126,929.802586972667,49.386097895053794
219.81981981981983,0.0266135307538974,82.38970316153075,733.5830055654826,59.29036211961456
223.42342342342343,0.05406140913429881,79.02670821623931,1061.6661429033618,30.61432324125693
227.02702702702703,0.04514807208229215,92.32986840173024,1349.9112912686255,44.571092741093416
230.63063063063063,0.07438090800806685,117.18880746181581,641.5248777084207,56.85192000073244
234.23423423423424,0.04656243235786133,83.41303073167613,1142.3993537022748,57.644939928963666
237.83783783783784,0.07446888254518805,124.81355366621513,886.9013537290944,46.84963689428906
241.44144144144144,0.0554276779003433,110.28642766521907,825.773443544938,57.951397849892416
245.04504504504504,0.050872622807202,105.90118424858423,877.0844740797908,47.46252092177384
248.64864864864865,0.025221438521186048,116.96299026081849,1214.554255825189,56.886400165060145
252.25225225225225,0.09918466041879875,86.04092105458413,1023.2633025751259,56.251663702666924
255.85585585585585,0.05805824780588993,100.28418185769416,904.5705936914602,57.37197492985887
259.4594594594595,0.08826299777659123,93.75993567342344,869.0761976216845,45.43751508176257
263.06306306306305,0.087225217979945,96.62700766479905,1141.1807122224916,40.51202583095054
266.6666666666667,0.0012222174665739605,175.4135249096324,782.7473153533476,43.626688183940196
270.27027027027026,0.027977674773424468,86.89071321700779,802.6575465992781,44.270650971589866
273.8738738738739,0.06196980211460226,92.78413340397447,840.9903980564135,52.62554779934752
277.47747747747746,0.053465903689745686,115.58262896955362,533.3580156076034,43.50352901345788
281.0810810810811,0.062256041108435835,63.132390180728834,1023.0211991230076,25.046479960564156
284.68468468468467,0.08703139126001026,63.292320854617465,1240.2803664060668,50.773594536968815
288.2882882882883,0.06611162792619191,79.86865284325901,997.9340742941313,52.426777669249965
291.8918918918919,0.05904922205907488,98.0799521247113,1058.0191992151715,64.32549790016016
295.4954954954955,0.09233773782573815,101.98030838761906,864.8521890997379,48.18779818513831
299.0990990990991,0.08090535361077261,133.17432045757704,1071.5795225354618,35.27571657879339
302.7027027027027,0.01121791989308748,92.71409717983921,1248.9613201586535,51.22894295705509
306.3063063063063,0.0012292096326886215,95.87544306415205,901.5054022901987,74.36271532423171
309.9099099099099,0.016843760595221757,75.02404414867753,981.1943739925158,51.84019702975841
313.51351351351354,0.05115057630547052,79.56120269931642,1119.1911335060804,59.08356891034052
317.1171171171171,0.0015331144327920155,68.61317741002216,978.3079360437152,42.65720472334049
320.72072072072075,0.058867442484445004,127.20741156554034,840.085646219325,48.81305437751582
324.3243243243243,0.053021781755242706,81.66155883296867,936.2309960448847,51.41257645151458
327.92792792792795,0.07001985421488077,74.8596697811445,1103.4487238572676,57.441119785321845
331.5315315315315,0.02503109575840583,90.88864679271882,764.5458816931172,65.38563590590121
335.13513513513516,0.014432042377113308,92.67513438410144,729.2624258435965,57.088887452919934
338.73873873873873,0.01970940370885778,89.68330558098944,1472.948228635694,51.42720476605331
342.34234234234236,0.06866572303543271,118.17625492673602,1283.868785467436,52.68579840272169
345.94594594594594,0.0659250548838223,86.5645682469939,1461.2144237046732,56.301272015362315
349.54954954954957,0.07526937147024475,95.05146650117969,1029.0508534292328,43.07623824439149
353.15315315315314,0.08729510741315692,78.54954820246584,693.2230234034644,43.39030337193756
356.7567567567568,0.04632671518693213,103.26704253310186,1406.1681444194041,46.21259971325501
360.36036036036035,0.004544764008653268,98.39526230295245,907.894746134358,51.97628079491755
363.963963963964,0.04466169706866333,85.81874954721025,1053.6723253798102,37.95915404592101
367.56756756756755,0.05022638836494803,131.81362570794954,1067.8013981114632,55.69116189262639
371.1711711711712,0.0858257918152881,95.36179358760634,903.7020997805589,32.222520097122356
374.77477477477476,0.07462179271399985,84.09926442640173,696.4703767720775,27.261708323142226
378.3783783783784,0.07214526654143648,82.43697838059106,1054.569678356287,45.26562641065486
381.98198198198196,0.050541718839982853,68.46512087097244,969.5075537030449,44.283887115857695
385.5855855855856,0.09662229420961985,106.72158074213188,1162.0474470707504,47.39231984627853
389.1891891891892,0.017545914837262568,102.05865810561083,700.7856058484566,43.84608175493996
392.7927927927928,0.07981016269353282,123.3569888119327,813.9918546466371,20.56957516868959
396.3963963963964,0.01891670074982942,61.04724302349818,896.7698612651334,53.54962182559584
400.0,0.013163134588292415,90.4944427715727,1068.9582046190012,48.36853211885503
403.60360360360363,0.003471980115754203,95.46584047185954,1239.131450271679,48.14757593715405
407.2072072072072,0.07900615290392148,91.90071238603838,1394.6792774441103,58.671532847586256
410.81081081081084,0.0943205292223218,108.11063962765556,1080.8789221228403,66.42101873382914
414.4144144144144,0.042885724263920226,61.09390740818333,869.5429996138803,28.33688588878281
418.01801801801804,0.08777679338722415,98.12809287670885,1126.2932839161563,50.402058078736964
421.6216216216216,0.0910358671937075,99.73109525060393,1479.2136631989727,61.401480474317566
425.22522522522524,0.059709409756632616,111.41979012695374,958.1748834909414,55.79499433656764
428.8288288288288,0.0652547080576896,85.83672994234973,998.7063475708885,49.0432507854939
432.43243243243245,0.02748191438701544,89.24733216934358,1062.8924391235932,57.89823617991712
436.036036036036,0.05323647885573166,101.38155291778253,1058.6245184366467,69.09882586948257
439.63963963963965,0.05013563263047314,91.74402392438813,936.0309526312666,42.148198783942036
443.2432432432432,0.05214393938421394,93.99431887381265,576.6224151450278,50.53660742050149
446.84684684684686,0.04459258956165832,145.57106454221207,1320.01133928413,31.006664736757333
450.45045045045043,0.04903220768001592,97.83987209081171,877.1764350606796,55.959151057533994
454.05405405405406,0.09032720191983735,69.5735210285765,1322.7631353047643,49.51950379077978
457.65765765765764,0.0890427519756758,125.66473319937892,1019.0894799170073,50.34153135454559
461.26126126126127,0.06714625067184528,89.43683768210497,1112.5846112112101,42.79749836213345
464.8648648648649,0.006812297726152217,88.9884610718057,1069.1876647202787,48.561045490283824
468.4684684684685,0.014400468618125162,88.16129902168242,1363.5240876165258,41.97713442685147
472.0720720720721,0.08360027342436017,128.6816384919159,1021.0923251495103,70.44906572829099
475.6756756756757,0.09443498749165137,106.78010534000734,1115.3481991125823,51.70161390232377
479.2792792792793,0.07613369721311371,97.60523267834017,991.6863957231491,63.684188129343944
482.8828828828829,0.0771656582609524,118.5393195469244,747.8183892952906,37.609964691248535
486.4864864864865,0.004723773904710871,114.17744910188534,1150.3312252654773,31.561910239378506
490.0900900900901,0.017908763186608723,102.90435149536904,1131.2713034778844,30.82268085530228
493.6936936936937,0.047697512351276866,80.32009251358299,773.9636743906856,46.18346216715624
497.2972972972973,0.012409297564866629,128.36459198266937,1066.1829576042776,31.54327643506508
500.9009009009009,0.010241221376491971,70.52007982167117,970.6496730616235,46.40919939698147
504.5045045045045,0.02421686809844691,73.99466267735608,1284.2019156702454,66.7380204181861
508.1081081081081,0.013269236500584182,116.95887887627248,1133.8879195232444,48.05429239215715
511.7117117117117,0.09482335614121981,93.38651124779861,874.5888973973061,47.752994474295036
515.3153153153153,0.03496706229832782,106.63308887326382,966.6604023006122,33.31278174054206
518.918918918919,0.01154493215217638,52.67655222036626,1020.6068025258039,57.207554848580116
522.5225225225225,0.003731412921508004,53.994402004409146,681.0581444265591,70.51358368445612
526.1261261261261,0.0438842839935582,92.38701299244119,1121.8537547105066,55.330231874326195
529.7297297297297,0.013030736038169856,96.91938872746525,1227.621819137283,46.47110228993428
533.3333333333334,0.0013080046633410338,106.9955121447684,1141.1006842873678,49.912226832255506
536.936936936937,3.776299535982464e-05,123.63102524787868,1216.3300669729579,49.40744921949113
540.5405405405405,0.012142752912279488,102.55074875950045,661.1457923856951,43.15216062943506
544.1441441441442,0.013870383226873851,99.79721117297376,977.866797672379,56.61049524170882
547.7477477477478,0.03707056434305912,61.46255805558753,1015.8349747812279,56.38553225894977
551.3513513513514,0.05839574218375432,104.24272183550654,935.9529763366464,63.05343547184874
554.9549549549549,0.03036525561152037,109.12506649362524,1108.9324694076213,58.04067917129169
558.5585585585586,0.07935655586513288,107.65581403518237,1402.0036383810893,50.38783874096682
562.1621621621622,0.02325114686914899,80.06723083915847,825.1983381101038,44.572269329302564
565.7657657657658,0.088639957249184,78.08716017541656,1118.5665051760516,39.02179198213102
569.3693693693693,0.09825061404833467,88.27277391072737,1059.3056798279497,52.03617857157576
572.972972972973,0.08545072202680759,109.50157717825205,1497.8411046916976,60.50251839374329
576.5765765765766,0.007088805591949765,90.17705543228448,747.3054672853448,40.53920218283873
580.1801801801802,0.09324574609445666,80.54918128997674,812.0880704389036,40.13318838275738
583.7837837837837,0.09437058292816992,148.81349373363506,1058.2161478569444,43.42559450045121
587.3873873873874,0.036308750703550906,82.18620293155077,865.0197947989068,32.282931216795845
590.990990990991,0.006327985906029854,80.63378642614447,548.1059242712141,44.99779976127922
594.5945945945946,0.0821512126571073,134.6418965728732,1038.4390259567965,48.523243260150394
598.1981981981982,0.026407538975515954,105.7673018845022,1004.0674088298591,44.75798513820591
601.8018018018018,0.0007886595578958877,106.69097750094284,623.1498553274062,42.91888849366319
605.4054054054054,0.07106807604516847,71.46590600226483,1355.9635814775274,60.51433693551226
609.009009009009,0.036874061553884244,102.17407500672977,721.4190108715766,54.81049559896292
612.6126126126126,0.0948388952977193,78.69528184041751,941.0011927666695,49.73701995534371
616.2162162162163,0.013695337321960321,111.476593526879,902.0160143733382,51.55303577729733
619.8198198198198,0.0971430908663073,110.36184972581667,1220.8839558451468,51.87289588867416
623.4234234234234,0.08736533453838602,99.77533329816978,830.0346323565639,37.60762195560606
627.0270270270271,0.020178220068885477,104.77761741107098,1265.7864354994304,58.69932884119201
630.6306306306307,0.04986048699227644,109.75416326820017,1108.396798058002,47.78912141805075
634.2342342342342,0.06591971281727736,67.46275694176103,957.7130003424884,40.51996932737174
637.8378378378378,0.08576863943835764,91.369121750214,941.0561071856923,44.804979310143324
641.4414414414415,0.027866107416791432,90.83786448498346,999.8604950695383,66.65616992510036
645.0450450450451,0.016961362503982957,121.59855550502203,867.7959346969319,53.31342682552029
648.6486486486486,0.034114303019281804,104.49555211634649,829.8955937979913,43.43309267433267
652.2522522522522,0.039469412596696285,107.0816235830487,792.9566868099649,47.08433600827996
655.8558558558559,0.008673800259141329,120.53506829867878,920.0382397730888,52.43952149711905
659.4594594594595,0.04582604731786993,121.71925321386806,1239.155459437404,30.700855214684292
663.063063063063,0.0921503742484222,127.62604945673984,1433.5937222979237,45.33499310109845
666.6666666666666,0.06294408373235054,82.7705178601212,821.0645217896904,49.824781273146755
670.2702702702703,0.008532254030743402,88.64096519387043,1488.0289145389083,42.45232074468655
673.8738738738739,0.040327711877091256,97.18216176630506,1020.6644636723487,47.95912591878649
677.4774774774775,0.011053402253651801,106.46904514213814,900.0069752337521,38.39492052491056
681.081081081081,0.0963111377707167,92.15943155138719,1120.3009895221733,61.81255812609721
684.6846846846847,0.0807175637159417,105.19924790852019,1111.7707617685662,55.446021674839585
688.2882882882883,0.09200995284197398,137.15352186917087,1093.2954676188995,49.85682704220973
691.8918918918919,0.09597867129530456,106.13547590521796,916.1211656778539,42.71897852730238
695.4954954954956,0.04963288514364063,82.95257347865936,1097.7973606955795,30.95085456931126
699.0990990990991,0.09893160907766668,141.71621048728886,957.4150925711924,54.54966743190457
702.7027027027027,0.01724705696717446,69.82769775784759,1258.8720068804128,54.040874820256235
706.3063063063063,0.009442726015209613,105.02873655235277,1085.9929412174681,64.35495370229722
709.90990990991,0.04625582465996562,107.93410459265782,1240.3057844440864,43.91906179943883
713.5135135135135,0.05248282528026968,76.21926005248324,1280.4609039659815,46.353242833746094
717.1171171171171,0.08848267898063204,77.56365014987227,598.7668550305275,49.66471033830831
720.7207207207207,0.038441105901010145,93.71164851656015,722.2748422864665,55.65035490135149
724.3243243243244,0.027950302737647082,90.24589997050411,1341.2623287176064,47.593741625606455
727.927927927928,0.06662518731562987,64.29648544556088,1312.3456913425512,42.26360967446878
731.5315315315315,0.013481479907799144,113.53536384631369,1393.4021950474212,39.87440754344939
735.1351351351351,0.03137027160798226,81.5519559452462,888.3912883418506,45.44158344997593
738.7387387387388,0.09501894737589628,96.64133276414773,1100.5645317950732,52.700521267138264
742.3423423423424,0.0177707290392209,146.93649272413694,786.3571385611926,43.897363456486126
745.9459459459459,0.009138027118764602,91.98101497315821,757.376671437726,58.53203584375602
749.5495495495495,0.07115306596681928,136.43143895119908,1068.7989011228456,60.04685836734151
753.1531531531532,0.039421964783491574,89.71402202334127,926.7749096501494,55.96127074959347
756.7567567567568,0.054230014979691876,80.73108879533319,978.6576053370425,48.42866106007665
760.3603603603603,0.03725073166111668,70.65122736721375,1014.060649872571,61.57288838990456
763.9639639639639,0.032259981946628526,91.78230006560621,1066.0415562317576,59.15216662019601
767.5675675675676,0.03496578101762624,124.7914057228092,1080.3224493799844,52.670348032267775
771.1711711711712,0.0550361282602868,116.94201504029002,1385.328099966222,45.54784011512669
774.7747747747748,0.04737741978788149,133.20370063749544,878.2055421716586,56.18708487008792
778.3783783783784,0.016503062853631314,118.73711065322703,1232.671166822926,34.61908901430767
781.981981981982,0.09889896130568443,74.70062722579183,1206.4194302014464,53.87594755534825
785.5855855855856,0.042240312489043086,93.29192301266757,1219.3512426295724,31.628092409422106
789.1891891891892,0.03239952356088649,74.97012277888922,828.2114864402374,41.41941359908065
792.7927927927929,0.045905626807171675,133.84196994926327,900.1298193465163,58.30098023975892
796.3963963963964,0.010573970346056272,91.37639047468275,1003.9183532116053,44.631963468758855
800.0,0.09437892976056306,117.32562940977203,1108.7201743651424,49.63322241389514
803.6036036036036,0.04174848190040727,60.48904516178112,1007.5279643772209,62.04327424943989
807.2072072072073,0.04370431501308149,98.14365251704415,891.7317331838191,57.972608739517014
810.8108108108108,0.09667054970416994,107.35994695248577,1121.8210632363293,36.4040105037858
814.4144144144144,0.055916600320584126,117.66222905292516,842.4130580769805,57.021802462384
818.018018018018,0.022843383878294557,84.56705757738783,821.8800432122687,57.855103539289495
821.6216216216217,0.018777081090808913,100.13599830034066,1427.8402624774908,45.82447488613178
825.2252252252252,0.011278738901239638,79.3339749960769,1118.287157886101,55.421820708542405
828.8288288288288,0.08250922122740345,86.87872253397835,1162.0266540540244,37.23108162260313
832.4324324324324,0.016878456788441965,118.35128998540893,813.5373035788554,33.990327389303744
836.0360360360361,0.0031444008702497753,104.06733068250895,1220.9354944252157,51.36639290746061
839.6396396396397,0.02797338269815637,64.36999594445612,855.5724531388412,46.456156092752984
843.2432432432432,0.038209601700591136,130.60284683696077,1185.1054372790186,46.790775995125
846.8468468468469,0.006468857291430519,88.53669879046448,1352.9915570349951,48.329994038793316
850.4504504504505,0.04485075849521583,102.72664586196753,717.185483056712,53.249001565286946
854.0540540540541,0.0911910426973338,91.78835714028851,1288.9080228521998,41.77174540979733
857.6576576576576,0.0067310183207688785,65.73409034452297,1105.8713772763638,53.835131372866364
861.2612612612613,0.006491386309553648,83.88754778560549,960.8291532086956,46.40488341355292
864.8648648648649,0.04847996536182349,117.18337209124388,1041.4906969966414,52.98922673646898
868.4684684684685,0.06802703718352175,95.40848697485839,1067.5211688235436,67.25003548739949
872.072072072072,0.020038712164971575,71.29540082883778,869.9461237559849,46.76982030084171
875.6756756756757,0.006569702344586781,90.62135364943552,879.7973665727211,37.65357303892891
879.2792792792793,0.09099085233550017,119.50588638130021,1099.2099883326418,58.936781227674985
882.8828828828829,0.042260631607907655,91.33168998291545,1259.3019312280057,52.52894661762906
886.4864864864865,0.03242418368870139,95.93981901868625,801.280444262659,48.41839684733517
890.0900900900901,0.025562112605060194,109.9096182034199,763.3948104654723,45.75188752346978
893.6936936936937,0.09365673465881716,64.7073968801615,907.3309591235252,59.66524481319655
897.2972972972973,0.045253724108745556,95.6544825944485,911.4639802848415,50.70160435983635
900.9009009009009,0.04966381978093243,102.55712826625573,1051.7569258104002,28.951123874215142
904.5045045045046,0.03861950258412672,116.12311068607416,830.0388526731249,60.851719955973756
908.1081081081081,0.09583105279191448,119.3870343058862,762.7063453211224,65.98668764122517
911.7117117117117,0.09083308206450333,116.43728505868803,978.5808279562759,65.65658147041984
915.3153153153153,0.030719736176078073,63.04275631028864,652.8890553086394,43.99768385559155
918.918918918919,0.09241971352517048,76.541739050448,1058.1741129593033,41.220191963634896
922.5225225225225,0.026301677763339193,86.22498402548577,989.6741518035803,41.509884069083554
926.1261261261261,0.021671060357450346,95.28567823670629,813.404453973767,69.32936895355786
929.7297297297298,0.05337523800594832,82.39594499605414,847.9915748104419,46.154322437479976
933.3333333333334,0.06691957501938005,105.26399953816127,1187.6832274693757,41.52279959455277
936.936936936937,0.08909435064928585,123.19491668535878,922.9771801612543,59.12492594972751
940.5405405405405,0.05078148536982923,77.70437909514327,1333.8496778524645,55.511788902286725
944.1441441441442,0.009575486128788469,93.04020789563549,1074.7606498917921,50.36203876609675
947.7477477477478,0.09837619874665347,95.6139108729984,813.8977327893776,45.82335779399816
951.3513513513514,0.008596149258436358,68.60527427850101,1113.8402926246702,62.129045059739695
954.9549549549549,0.08482310022267114,154.6036509503746,994.4451260905837,55.83256712667778
958.5585585585586,0.059532794940150485,122.54781753842784,970.5061380696287,59.23602889750047
962.1621621621622,0.007819875210561178,72.22263404739815,739.6000655019975,55.19524561688384
965.7657657657658,0.011192226098206026,110.44820490418181,736.8665940993424,39.86103718721422
969.3693693693693,0.0706950348787973,55.69997872739515,1022.7064457728375,41.05488870955761
972.972972972973,0.05190027978878066,118.94926914159232,1040.6609006999213,74.35055987388144
976.5765765765766,0.005300846746563315,81.59069164381017,1000.0780675456674,78.04369619643698
980.1801801801802,0.00922810134181652,78.95357651369827,707.514727015888,47.65922606574735
983.7837837837837,0.04223146308759723,71.2628689571813,1076.270493478702,55.760619072817086
987.3873873873874,0.08428276395448882,95.01115817558494,1129.7267126054178,51.597369549399446
990.990990990991,0.043229060657836986,74.81455873620112,604.2834868167217,43.37318479780954
994.5945945945946,0.039484583203180726,74.5360709574702,1050.3969473558136,56.16920833834859
998.1981981981982,0.01167523017236234,144.68703227602165,981.0125310096995,57.295902339561266
1001.8018018018018,0.00888979259582664,79.82122456171267,1003.4554450708683,63.16897440160412
1005.4054054054054,0.09563703401047917,105.1497795576862,665.1578352941015,51.127488079890256
1009.009009009009,0.003213082570351156,92.08424890380624,1032.885683270707,51.791875543958845
1012.6126126126127,0.031668244222536016,86.2918139386829,1106.9164290434248,43.844796707338155
1016.2162162162163,0.0648629616946854,126.4417043341942,1184.1480624936323,56.052946857552804
1019.8198198198198,0.05292374239984691,100.50916403240079,1050.3400819168942,68.41393629871169
1023.4234234234234,0.053007177227231986,152.91532042815012,1199.876444164789,44.2615775428363
1027.027027027027,0.040407165322027344,63.00014826305216,1018.465868312578,43.58535955101794
1030.6306306306305,0.05600452150665319,96.82050948301065,1034.1353261532577,54.39951026721262
1034.2342342342342,0.013173417109795317,73.50163291678867,945.1928154591724,56.66981428831916
1037.837837837838,0.0440606581486835,72.62648290844389,883.189125873968,37.514084117984886
1041.4414414414414,0.01363181096572026,78.02774758522241,885.4570838482616,48.93976272412492
1045.045045045045,0.018287238902325333,81.87285092025142,677.0477327963903,44.27344669584895
1048.6486486486488,0.013332986216796128,104.75840901019366,1035.7426937007017,53.019826986611164
1052.2522522522522,0.053380399348292265,82.66722138835027,1190.354499182059,50.58553391534117
1055.855855855856,0.01599680273523988,96.99258938174944,812.0341557439733,57.6106195526496
1059.4594594594594,0.016363323064650714,114.75901316879856,634.3139076782518,47.269973026109746
1063.063063063063,0.004765073702541878,87.46546205132054,1031.8963243089813,46.52516200659606
1066.6666666666667,0.03161931715077189,137.6254117487985,1104.5879938951016,35.30209175220041
1070.2702702702702,0.06965410719702103,90.20255461856496,1144.815322462507,43.66283873789733
1073.873873873874,0.0991536643465918,123.96246550984543,1286.9649875209525,46.749960437191305
1077.4774774774776,0.07958348364522043,105.64900086633611,1013.612212182329,51.2377845268797
1081.081081081081,0.058872746912303486,79.55945525526789,1130.8535491708985,56.66404383838123
1084.6846846846847,0.09895119311057878,106.40255089378329,952.9812554388882,49.017429341251244
1088.2882882882884,0.08771660280639797,88.538224446138,1131.0137856392155,47.44136924221003
1091.8918918918919,0.03307544356975067,117.47208605293831,947.0186315275666,57.685076373703275
1095.4954954954956,0.005299231774595736,84.7068229497338,1139.228209502681,55.39702459306963
1099.099099099099,0.047443314799193996,132.1166427727636,1119.2296216192453,64.90772774954729
1102.7027027027027,0.05284572298206295,116.59162852510411,973.7102932938631,55.51927234591126
1106.3063063063064,0.06500534927937592,105.80877147007813,692.1889866951071,52.407199530745366
1109.9099099099099,0.07485554495494842,83.89202752126862,929.7310744017603,55.00653143708736
1113.5135135135135,0.04827265994013842,79.5344803980376,1099.3795726961516,53.49010246857686
1117.1171171171172,0.04588024992394235,95.4069445843062,809.4174396569181,25.22817379546337
1120.7207207207207,0.05767251927251791,92.38940119227998,946.4122468567119,44.61039345202755
1124.3243243243244,0.001307548902949085,93.93008574110948,1195.4181688361878,52.08312130843753
1127.9279279279278,0.020334086615953942,100.05204088435832,896.7581811858502,49.65497336703571
1131.5315315315315,0.08241229735851402,111.61916770278789,1004.9414023764039,48.20223785462344
1135.1351351351352,0.020880266221692534,105.79796258624444,1557.2700127139992,40.57707343857475
1138.7387387387387,0.014111741666157453,90.48578987537157,911.8553130582012,60.54513761749474
1142.3423423423424,0.07251658458050232,75.69953334734635,719.0859941756851,32.03468877793124
1145.945945945946,0.02166661915463444,93.50550223311404,741.4855513296734,52.9319553083502
1149.5495495495495,0.03137802737720318,118.53186664834831,1032.1522248614037,52.24922987342796
1153.1531531531532,0.08743498243738478,89.9616545868552,1005.159973447524,45.89832010331478
1156.7567567567569,0.09276677349091506,99.79591107943706,1051.053718957003,51.774785248434796
1160.3603603603603,0.07143659619015903,108.70381344670753,1107.6185295208033,45.67094254057395
1163.963963963964,0.09442516309995819,102.17600433527812,1155.1644467759731,39.15419153485428
1167.5675675675675,0.0016018279373541057,100.00835470844991,990.2257280784944,50.98542861737165
1171.1711711711712,0.03991639347364032,65.12434768496645,831.2730254124074,55.41658033456603
1174.7747747747749,0.04195546622943456,121.27310555429267,1324.1274272448957,44.15667054609707
1178.3783783783783,0.005678642540844304,99.32363361779981,1139.8051018058552,54.49912012950482
1181.981981981982,0.0826468012768829,106.1231407524572,1324.9517789108581,51.197903640267086
1185.5855855855857,0.07133778263977723,105.56054527930645,722.4379296923735,59.02127295981442
1189.1891891891892,0.022829704808892005,96.04416168955464,882.6495588598135,37.77267092382893
1192.7927927927929,0.05669197946522108,113.06819510214909,1098.2243530658584,50.82039559080384
1196.3963963963963,0.03943209423524577,103.67845263820514,714.240432529195,45.84738482095918
1200.0,0.08850097238790725,122.1559746854899,1014.3612892088204,53.679504981246545
1203.6036036036037,0.052693548953862225,67.77726392721272,833.6419818998802,41.73575857542606
1207.2072072072071,0.09764441485008013,98.56956070979619,997.8176853023663,58.998419128214465
1210.8108108108108,0.012603124118877197,120.94269418232805,1274.1814917402803,55.04132375869284
1214.4144144144145,0.06110904075299868,56.61974286191318,1092.0653189554705,40.95376952248454
1218.018018018018,0.011953781747138749,96.02987516609785,855.3152503452898,63.78224733559524
1221.6216216216217,0.09794550483181913,61.40240101256746,814.9433270479914,44.69933766508338
1225.2252252252251,0.06100257047788071,108.63137747765614,1221.711581727339,46.73578060466141
1228.8288288288288,0.045657917491763456,83.77234552471104,1177.8612782308217,42.580354318853004
1232.4324324324325,0.05338836644102688,84.370155771565,675.5873622119541,63.6025804605084
1236.036036036036,0.05440995520187117,93.9763536773885,969.5718738463897,71.92645773488938
1239.6396396396397,0.062083879932648724,103.61750129937245,1069.9254992410379,54.70233299047165
1243.2432432432433,0.0471386149809758,119.05132008760701,941.6862700799037,54.977167121750206
1246.8468468468468,0.08690721231799149,114.78888561878313,1312.5500148534047,52.03413238489951
1250.4504504504505,0.07945906351198062,88.23132818406079,570.8540655458291,58.083522278645255
1254.0540540540542,0.001228123809207249,145.40364107854572,759.6334494128184,69.69942611013565
1257.6576576576576,0.09201591707723299,92.48127296029513,734.142356614799,49.43403657534451
1261.2612612612613,0.013797778965386554,71.47981745769835,729.8249415028365,47.54181928691931
1264.8648648648648,0.028200302995392668,105.67148872629521,879.6686194470777,33.846174865856106
1268.4684684684685,0.06614579328199195,103.8187716520802,783.1994212248258,44.723743744746926
1272.0720720720722,0.07046496999281208,101.3287847757939,947.4421860318852,51.383344171086485
1275.6756756756756,0.051204355617006286,75.37679803350316,1314.7725344675712,57.709663433430016
1279.2792792792793,0.0011272108641017242,101.25858723655828,1175.1774062979262,35.46981373760141
1282.882882882883,0.030643225525072648,108.21820335692918,1218.7331089129652,41.3695079832806
1286.4864864864865,0.04522637482736296,143.73554002260164,593.3394175898327,49.1908891081306
1290.0900900900901,0.09971967890226228,115.85095917602678,972.00961565622,43.19992658185663
1293.6936936936936,0.07050842303754372,117.92346723914869,657.4565305147817,50.892026469773505
1297.2972972972973,0.06427654540913229,108.19046909705344,907.3120058340744,65.23201195265182
1300.900900900901,0.056545261177699015,125.22207053684954,1088.1096038652736,33.00157690299227
1304.5045045045044,0.013112434961140463,109.68535706330513,1059.6877891441077,50.50859790991395
1308.1081081081081,0.03246504615006012,92.24146410809844,937.3553614130984,37.393595941964065
1311.7117117117118,0.06628597537742298,74.6860549817885,678.2671501797475,54.561445934203306
1315.3153153153153,0.025186056467664766,114.90358248850579,1101.3467194219484,52.761586580580136
1318.918918918919,0.08833194993256066,92.33120574573702,1169.0543957145803,39.08408317801036
1322.5225225225226,0.020520131108523545,96.33014752274158,1002.0649920221938,72.05894229393884
1326.126126126126,0.023213008151921066,137.78898864242166,784.8324559369947,39.954968895053206
1329.7297297297298,0.05650817011030806,98.205656538684,1235.1053751769864,48.24705632193293
1333.3333333333333,0.04867276902454698,107.07161807130615,782.7332301415133,44.28393920588801
1336.936936936937,0.04392930883232307,65.46073109434013,884.9547976147678,52.166533874727925
1340.5405405405406,0.020416050572965184,99.47887351670205,805.6720742349759,42.92430386662964
1344.144144144144,0.0992125409076997,98.18917105928455,1245.6994352077447,29.53776169594755
1347.7477477477478,0.06790747893908658,136.80795435532994,1015.4399364347377,49.56479935762913
1351.3513513513515,0.08637173142102994,102.78742755618873,992.4809601285931,54.54520572600057
1354.954954954955,0.05826126892665933,92.44910656833183,1134.7626301586592,40.26520591251478
1358.5585585585586,0.04420459121260624,133.8812243683412,1088.2605913936172,43.18999663141035
1362.162162162162,0.04636113889213368,94.2532383798605,1399.807249855168,52.95142837408758
1365.7657657657658,0.07175467414573519,76.26512560321552,983.4175699021591,54.17989125280812
1369.3693693693695,0.019469762475205522,98.41581317536992,944.959378063233,60.36711564654388
1372.972972972973,0.059478971131608695,97.00528571632336,795.6713446390779,49.660121478480214
1376.5765765765766,0.09004671974359113,114.48212228779107,1293.318905942324,49.23843027533036
1380.1801801801803,0.06970005229262798,102.01803983547883,925.1015968945844,48.87070212610369
1383.7837837837837,0.09951548183719483,98.84738143355521,1027.1961913228615,54.09076023664884
1387.3873873873874,0.04669744285061789,118.13105988473387,1074.976022873009,58.09360441904468
1390.9909909909911,0.016449989796148534,27.255259195437688,1007.7037569963455,64.29314890572375
1394.5945945945946,0.004793916136144827,117.65544061967775,794.7441850996854,72.2154893288408
1398.1981981981983,0.043979468520708734,94.50869992295635,929.6358029837381,55.0883411400398
1401.8018018018017,0.05580149444158242,88.79692666373212,899.5778815742821,34.47558421989411
1405.4054054054054,0.03145059481259212,139.46670529955924,976.5200593382294,37.34849993017883
1409.009009009009,0.014083177002777815,143.1406924939976,1163.1256941763443,48.35576593420001
1412.6126126126126,0.020980616025946454,127.78747566605523,693.4704357405485,50.65619880207919
1416.2162162162163,0.0818635986563393,86.93754698519915,683.2946835206501,52.741232058873194
1419.81981981982,0.08756181638999427,107.93825640009327,973.7886726108133,61.17020069110421
1423.4234234234234,0.09229779115565917,72.660523401163,1413.5765667449377,39.962454762484164
1427.027027027027,0.018318954306281388,81.43344914667202,1024.7953091466359,52.344834779524106
1430.6306306306305,0.07274646721623763,120.72708441171343,1162.1597931981682,46.20276857679706
1434.2342342342342,0.0354517571715491,133.57028655288389,929.0047187509415,57.243543413997344
1437.837837837838,0.0659910207876907,34.48381909472003,964.7260697602056,47.49292294738018
1441.4414414414414,0.08385735248416727,86.94103772688455,781.0749521986943,43.32022436165173
1445.045045045045,0.05327665101613082,83.03062894606494,1185.6612777799214,41.693343027637475
1448.6486486486488,0.09623075626199742,88.43435586192938,1045.976869497463,50.968564006593425
1452.2522522522522,0.09401656702833383,104.70112387829829,845.8868956827087,64.18160604201658
1455.855855855856,0.047926701740362315,112.81166042543201,794.8327339839723,61.47657012336556
1459.4594594594594,0.08532648935736734,75.71067123911,1146.4585612678607,40.56716661781746
1463.063063063063,0.0709540803834515,98.8973967158232,698.6926003398416,71.41578245090443
1466.6666666666667,0.07553467734266295,127.5625306231931,926.9515115582531,45.96743829501337
1470.2702702702702,0.007516975324938835,94.61446211247993,1190.5521483587515,52.12144971014112
1473.873873873874,0.08051115160599703,88.19625773480118,1122.9546052862288,59.03727726069659
1477.4774774774776,0.028384037935959262,80.90469647970633,941.3078091467384,42.65962050111453
1481.081081081081,0.025008179168405878,76.0624206684788,1482.7645066201885,59.80086870219814
1484.6846846846847,0.011625978920939218,108.09628963065549,1035.5994772543622,32.96676993583395
1488.2882882882884,0.03619963077907843,70.02908238146108,1161.2062075250565,60.947821215588355
1491.8918918918919,0.05902959417584554,100.11590127324497,1144.4564487779453,42.53212736302865
1495.4954954954956,0.03861217578223766,77.32908980464794,1237.1931980098193,46.14796750621598
1499.099099099099,0.01403001388745946,80.94202020767433,1177.4483105413992,58.09777483989846
1502.7027027027027,0.04498879969308781,123.70505642583626,688.0067930185292,42.959000116008134
1506.3063063063064,0.06155450446718474,75.54650045560005,1130.036196481938,45.71083383514503
1509.9099099099099,0.09804685730855484,90.29517483361249,712.0002633668242,62.19730007373845
1513.5135135135135,0.06758860707711747,100.78333189008072,656.3773298876322,43.515083573719856
1517.1171171171172,0.03309865850065311,75.16857197904388,1002.8929703519256,60.73087657059145
1520.7207207207207,0.08751439836953716,70.55441485589616,1100.6484388759004,56.06675210810978
1524.3243243243244,0.0517777928766369,109.37838712171141,971.9008387178335,54.84707722242192
1527.9279279279278,0.019711793937584588,102.88375755257762,865.972307879546,57.96756542343718
1531.5315315315315,0.09752882955353949,83.65095087977286,1044.0447456787601,58.66742865027232
1535.1351351351352,0.055517219805679634,90.99850063531764,751.9181896148349,53.08684204117019
1538.7387387387387,0.07206097267448831,100.31810687140094,1116.1292502094623,51.69063629776264
1542.3423423423424,0.03992216144972149,69.3632652116586,1147.5243035526894,57.952460799936674
1545.945945945946,0.022744588988736103,122.13740014095342,803.7829397081487,52.65065565933283
1549.5495495495495,0.0759888508233671,114.84022111614628,800.019892526284,57.90787331810353
1553.1531531531532,0.09517131070856931,115.64537627481018,1040.3575152149972,52.44032932298881
1556.7567567567569,0.06347662142346547,95.81410885290038,861.6959503086739,43.37956940189868
1560.3603603603603,0.03200638595770592,92.32279526145255,792.7154302057428,44.360000771093226
1563.963963963964,0.09908417448537885,120.46284838595957,1483.609313223582,59.331272387139
1567.5675675675675,0.08097946119899946,65.55247675500416,928.2607950475424,45.9122622552956
1571.1711711711712,0.07770651390482605,93.12104260178553,1052.8339522576568,45.18033040579395
1574.7747747747749,0.006988331723362051,78.56880097150216,1468.6956382136468,48.299750195374564
1578.3783783783783,0.0792375642450436,78.93488254477856,1439.0681467360596,50.93635472854936
1581.981981981982,0.07414667693498385,123.33766292984384,948.2006871100158,41.11984886898567
1585.5855855855857,0.028904980505129962,152.106368091337,909.5486488365516,41.98799458946752
1589.1891891891892,0.07707324317050346,72.27669600757355,1331.0554723560654,41.408492633878936
1592.7927927927929,0.0998915944347852,107.5016920139022,1386.0320852050725,81.68846583882967
1596.3963963963963,0.07495015434126642,81.91702180902385,1269.4433866555669,42.62444166732336
1600.0,0.0661587482112376,92.15291198246102,713.5287062783023,55.64300741980529
1603.6036036036037,0.07420043708390915,110.2149636573971,938.0464759797812,43.133658932392336
1607.2072072072071,0.060454046594747485,118.85929546270162,1056.9673455003574,65.35240357165134
1610.8108108108108,0.09145778238403532,92.78429602154955,938.2577575066107,51.89991806323902
1614.4144144144145,0.09333613405320462,101.74232662319427,827.0630313825336,63.13519168146131
1618.018018018018,0.00852831365927752,80.15182691165774,886.1350533812753,43.42146177817693
1621.6216216216217,0.07150411552900163,75.18361255272958,863.0743363751944,75.40275800366679
1625.2252252252254,0.06730276224871899,86.35550508271132,887.0492307411141,39.637125053525
1628.8288288288288,0.09690508790309132,99.09259521012046,1209.9173269358018,39.921241262658825
1632.4324324324325,0.06010326143664007,128.97241658852607,1142.9944210568278,60.98498064202873
1636.036036036036,0.007908274885359778,76.34587304969395,878.6158103009285,49.061230716579374
1639.6396396396397,0.07561701064085807,120.42326163040684,1035.4208650096648,53.811034919523486
1643.2432432432433,0.0354627471534988,100.93304539522703,947.6086158243376,26.56052847974172
1646.8468468468468,0.08660047060840442,87.89188464884099,1052.6205972074251,38.17022421385278
1650.4504504504505,0.06662991533619328,86.06483910140946,1172.7179488682766,29.775320781076246
1654.0540540540542,0.04798962192445469,102.39371903642503,699.1548152917384,36.78555000034841
1657.6576576576576,0.04532121547442125,83.72880794912416,594.3301630646154,56.819396865490404
1661.2612612612613,0.009837384633418557,89.03296755371734,787.1919368116004,45.457626305693964
1664.8648648648648,0.04501465401747937,125.57430408633735,751.5827361328361,48.778016506716675
1668.4684684684685,0.053716833315009344,103.22441883529505,991.3209215821347,39.97848783583329
1672.0720720720722,0.02975242139769161,104.47650767071711,1096.8031090046013,54.42915621222377
1675.6756756756756,0.024137208993475236,81.83770437029429,914.8263443242108,47.85925817886945
1679.2792792792793,0.052189323760504926,122.37732284362691,978.6949066878708,42.32911493635371
1682.882882882883,0.02920770268409484,105.39436967284487,680.8254335091817,51.84909134556282
1686.4864864864865,0.012569967548066897,103.77155483684129,1086.4017732515451,54.3118803967116
1690.0900900900901,0.06745601868106225,148.47231124289476,946.2030452081075,34.15044802853829
1693.6936936936938,0.08895160421805076,85.5146508972312,981.4312370875774,73.12001503250524
1697.2972972972973,0.030090891446960245,125.37173345624802,1044.4628058545302,47.55024284193731
1700.900900900901,0.022250141370964906,107.3885148082374,763.5558739936487,54.07873161891814
1704.5045045045044,0.07975295351384273,99.42078528090704,1070.199515959647,45.850241924437064
1708.1081081081081,0.018659470474095743,121.31516795165749,1341.4437014347031,63.41813133597956
1711.7117117117118,0.031135338414556193,80.41335480640431,1133.6461484578167,40.74401624562431
1715.3153153153153,0.06943907383448632,110.88406697453296,1077.956270754433,60.912562637692574
1718.918918918919,0.0521487458061385,87.96882808245692,890.8125209085863,31.18050152203982
1722.5225225225226,0.02366149045830972,91.43823887014038,1095.7929265562143,34.16326002059174
1726.126126126126,0.08973272244673924,114.15048435142545,555.4000664136188,56.17629826708768
1729.7297297297298,0.035401118762937236,87.56217337183301,1169.5205848175356,24.943521915394133
1733.3333333333333,0.0025964219278209358,69.12362478910971,1113.116239756026,56.56582669143686
1736.936936936937,0.09844813549141646,107.25368283299976,976.7491835710985,59.41892993408134
1740.5405405405406,0.058248124101224735,117.48201922754016,1289.9332590213378,63.33299846171201
1744.144144144144,0.018131858115007282,76.53246928854242,921.9807844794273,70.48064033192529
1747.7477477477478,0.08640158613676771,95.27977795966368,1203.1805987698747,50.5415105422334
1751.3513513513515,0.04817822535060556,90.83680336642924,726.9198518819256,47.00932281769544
1754.954954954955,0.06473778525576876,87.43335262455149,1104.4456423895028,53.51111596644367
1758.5585585585586,0.033274211318425,106.33179720541887,868.736820205168,62.884360665788094
1762.162162162162,0.00814643527528215,107.542416587762,1064.4984965030696,46.940995581318845
1765.7657657657658,0.07680374193688688,97.61292788539268,1002.688708644964,56.70323000069564
1769.3693693693695,0.039812406379340304,112.88765551816533,1044.1533885534545,49.3643676519618
1772.972972972973,0.06544999644303333,124.77696886367332,1098.734211930725,45.80800701175799
1776.5765765765766,0.0468973993591479,154.7611511809458,1190.9199152485244,59.35795806464902
1780.1801801801803,0.0958071270942111,95.3019871863378,1060.9581359114645,49.6263160706653
1783.7837837837837,0.02482597048843116,115.79897718996492,1172.2319319250123,41.79335333119556
1787.3873873873874,0.03365300203538742,124.4235105958083,871.4277849183535,57.38634178017973
1790.9909909909911,0.008654052151520276,121.4931751250439,1156.1159450192176,64.13953995482784
1794.5945945945946,0.001201389242353268,58.09323530097268,996.973448076894,53.51384405727684
1798.1981981981983,0.026584817215432068,116.92289149501491,858.2098909368261,46.41061812445163
1801.8018018018017,0.08232048592923959,105.32250213030458,1014.4395234715674,50.55636375639255
1805.4054054054054,0.02854696500190136,100.02134885980956,1210.2922834766753,66.19834589590585
1809.009009009009,0.025415752605851175,116.16101309721984,1122.4491034553748,45.76310097788069
1812.6126126126126,0.04336136853890535,136.27187023637623,1188.639869100037,29.69999439989104
1816.2162162162163,0.044969897375911796,110.95798614435267,1440.0605772657618,57.07757256629744
1819.81981981982,0.050583168563834074,104.61318669125724,1073.4320466250313,54.25394552122395
1823.4234234234234,0.007113599121784464,143.34688246934053,670.15829747807,46.20788297507443
1827.027027027027,0.07158174431037544,94.38137195217288,862.724053450381,30.77084655550321
1830.6306306306305,0.05210761747651413,94.04044248373091,1111.873865842493,35.89499567000756
1834.2342342342342,6.32253048973075e-05,55.39106909778502,1171.0029385692267,45.94336643479613
1837.837837837838,0.09906423644804234,108.14471855918192,1129.9862863391977,67.48678940681792
1841.4414414414414,0.07181860995664958,84.21730205298856,840.1058680236113,66.70847528491113
1845.045045045045,0.09540375292857012,113.23133481441985,857.1549854682103,49.51597753488358
1848.6486486486488,0.021441490530401498,107.2446374474675,808.4937754891937,28.073266639657927
1852.2522522522522,0.009139584278516943,105.95796095480237,1003.3993024257478,59.69279646554778
1855.855855855856,0.014548699840285319,115.8628985274641,956.8535855611422,45.92474084976499
1859.4594594594596,0.02088775102089916,82.21140637626405,973.7751730166905,56.84462640874414
1863.063063063063,0.052307427796029184,64.59951142559692,1300.375099019032,58.9152047494431
1866.6666666666667,0.09876659075640103,70.0780998484926,940.3983466048489,35.664414985112344
1870.2702702702702,0.033834633821355674,106.10316229527491,1323.079249690364,33.32090255203685
1873.873873873874,0.008344568673172103,63.96175044462473,1099.8598358873237,53.452333349384126
1877.4774774774776,0.074903370088844,98.15320511964799,894.085738790583,59.46811791094082
1881.081081081081,0.01158069375672346,123.59509809904132,1199.729479486174,63.747064594193446
1884.6846846846847,0.04233183800409099,97.55463512615607,1122.8447370703634,53.75018240031278
1888.2882882882884,0.05861172619106475,126.99636165785364,1029.1370187012883,51.48076033424258
1891.8918918918919,0.06027078909729159,127.40446874220291,1395.0869441285663,71.64732787021897
1895.4954954954956,0.0027254785166804466,94.14534129629608,1523.9523795744576,25.99268685343739
1899.099099099099,0.027268435338931498,88.20751534255928,1088.3819970486088,50.770510283402956
1902.7027027027027,0.0238552507691708,58.909975807859325,1115.410505990377,43.656592010820205
1906.3063063063064,0.010741855181897976,98.60190489797446,974.6233087475467,50.679064077438305
1909.9099099099099,0.0094415660676478,121.08300971701375,608.111724821918,33.821871433902444
1913.5135135135135,0.07504635507846733,92.36741586967639,778.4214340920146,38.16530580926864
1917.1171171171172,0.06712610162076706,89.87814339482294,807.3029467403837,49.597320476813046
1920.7207207207207,0.049174231289068886,71.04493070246139,1046.3005565197006,62.0185542907526
1924.3243243243244,0.04082524229833859,94.3279114029143,931.0724014429192,63.22870603167825
1927.927927927928,0.03329430588860013,75.30659917820557,899.3714270286214,53.17523282639521
1931.5315315315315,0.07493465224531189,88.64892164226549,1019.5208610196521,55.206920156531766
1935.1351351351352,0.006003249728464111,72.38636670113445,781.4495656177173,39.068895196280195
1938.7387387387387,0.07584525174443812,117.93736657186784,955.0664024452113,41.088981548460865
1942.3423423423424,0.04041471744623912,120.26821570173271,794.6805959306029,43.99362506274437
1945.945945945946,0.07257528174858961,105.52571404956574,772.1614794144167,44.32706982072814
1949.5495495495495,0.0679546619805275,86.44023584355159,890.7775247688571,52.10243096985066
1953.1531531531532,0.046142754553922076,91.95822840185394,1035.0200360580143,46.241378904664565
1956.7567567567569,0.04093654068655377,84.77109382469797,874.012493359122,45.012407959423854
1960.3603603603603,0.017102919140657934,66.51788551815272,1007.7476588862648,60.948094125964474
1963.963963963964,0.04695045993714897,123.63206489875577,708.0085987229415,48.22658962649342
1967.5675675675675,0.021908470035634033,110.0912587675712,1072.042139810998,53.77667389545158
1971.1711711711712,0.005108388484569671,86.99523569786336,1298.8420458382452,37.31179910550338
1974.7747747747749,0.07231382136099039,104.40907419678591,962.0310252836077,46.31908078362229
1978.3783783783783,0.03489138864138729,78.68273490906785,1037.2673222143326,41.78627627224232
1981.981981981982,0.02572053740234065,94.58088056593301,1043.2769328864038,38.89765323703067
1985.5855855855857,0.078400918149766,88.6666032646581,748.426471316662,44.80789197273623
1989.1891891891892,0.037492641810565656,102.79510588739024,1197.4328504738064,68.44038161708536
1992.7927927927929,0.08178127359455448,101.41827974099142,598.4776276036812,37.635688837038415
1996.3963963963963,0.0019185379258699565,116.20903797682791,1106.297371525709,47.63482474004989
2000.0,0.03454097958342123,97.14215501131291,1093.0357457978305,60.42243477915016
2003.6036036036037,0.029892929527666957,120.54519153021785,811.6744632354007,67.24775577365624
2007.2072072072071,0.01206856765236991,119.31182734113763,812.1324272614552,60.76524524528716
2010.8108108108108,0.0831586165175972,117.9789398959848,1157.3347401199255,57.265234591722745
2014.4144144144145,0.060190937876372266,111.3504724631733,1067.1789969108022,46.49988102164899
2018.018018018018,0.0545176691598164,102.29340770152871,1232.765679877631,47.59210961493558
2021.6216216216217,0.024051786831656152,95.59624191191693,1100.062830978748,39.413097320369324
2025.2252252252254,0.051220568627938196,112.2063539502992,788.0639794819391,27.424311228096734
2028.8288288288288,0.02332203892866197,115.94424895576839,778.0109440052146,68.51952959665351
2032.4324324324325,0.031742611565590884,97.82950935411394,1240.7408222523165,50.14313180155469
2036.036036036036,0.01694581510351131,141.72009213897368,802.9551206731323,39.35454247977419
2039.6396396396397,0.09374619270523625,104.6530828993613,1203.9266103863536,43.458253714063915
2043.2432432432433,0.04581455371773168,109.63838956934123,1089.6222125934112,45.90234075255189
2046.8468468468468,0.05723923180386429,115.52660791850585,1392.3748922463533,50.31015215407919
2050.4504504504503,0.049684198892838066,115.51928168663541,1183.5930518172436,51.581993826066146
2054.054054054054,0.0007780331145222253,98.60813431593522,882.8865160958081,49.29132924927897
2057.6576576576576,0.0980644610260912,131.19679636626773,943.5965995257175,64.43791312115151
2061.261261261261,0.013423282083940103,123.26297866104181,1070.5945977921003,59.93301340705024
2064.864864864865,0.012280951326800894,83.2558319496244,1351.1396600048472,23.974538931328773
2068.4684684684685,0.03273939593001753,104.82636929619294,1004.0872995530663,51.43365301297277
2072.072072072072,0.013171112269168518,108.33460507081004,807.2136168361922,57.20131468865346
2075.675675675676,0.06225764789206604,136.20478600661426,1204.4214267326834,42.933731222523136
2079.2792792792793,0.08366527522849389,95.53179610102086,882.9778568454797,52.32293690595151
2082.8828828828828,0.06260231316756386,120.64362105899474,1030.136034293029,50.55627411702442
2086.4864864864867,0.09209923293538384,90.40648632059576,1052.447803034426,48.31735802991701
2090.09009009009,0.07914790422652605,105.90335872487226,821.7288495796056,44.486545072580086
2093.6936936936936,0.07181988212123715,113.40113258327658,889.8109182117706,52.630259715802154
2097.2972972972975,0.043559664710430795,91.47011412962404,1131.0369926820615,62.86947956575037
2100.900900900901,0.05468199788415591,110.18033911922012,1202.558017189396,53.173804416104545
2104.5045045045044,0.085994444440722,90.61242684438149,723.1179733543977,47.03147742895323
2108.1081081081084,0.015735274266934687,67.55016765746599,977.7051901802326,36.54276384502023
2111.711711711712,0.07396902914209526,94.58613475441572,1411.0173679082945,48.72312449618835
2115.3153153153153,0.031139544994389534,100.62168899502602,1221.73583678179,59.29362663803593
2118.9189189189187,0.0963365181922437,95.36604765864818,1087.8253699364038,39.96669162474294
2122.5225225225226,0.037641304310028705,127.47015817652766,1102.9944434888337,47.610768125008256
2126.126126126126,0.06508642227476498,127.37356193319168,929.841189127592,33.09104725637424
2129.7297297297296,0.04142356604091411,86.80913426948774,772.6533170735274,49.71157016349695
2133.3333333333335,0.07638764377857432,99.80119509958739,1010.0839103599754,73.78672411537792
2136.936936936937,0.004368661952152764,133.40536719601315,917.2743826353302,52.9789210043983
2140.5405405405404,0.005102679723758163,132.8510875446396,624.9992792272244,34.43204758099947
2144.1441441441443,0.002225061161037878,141.19980801457908,1281.390713973972,50.6498237449204
2147.747747747748,0.06273638424853757,99.55374055719332,944.4068541972443,67.4135771823361
2151.3513513513512,0.09544581828678983,80.46313547142354,1118.5980836875788,49.42277562566342
2154.954954954955,0.06521158926415949,99.80690053752589,972.4291688289721,57.842122810548254
2158.5585585585586,0.0683657683933052,108.5077213410018,723.0508072608873,48.731831189723835
2162.162162162162,0.015384007952030588,79.66770263378662,1037.5320919081516,62.73045031841357
2165.765765765766,0.05751620428417064,116.63932385880544,1286.7631065016144,54.95792206988825
2169.3693693693695,0.010628758784554371,98.19724354574909,898.0126660548732,65.61731321837094
2172.972972972973,0.04787741840627168,79.62253052619819,1111.2369110508716,37.30538847226969
2176.576576576577,0.0435558493006907,103.52882527133401,1021.6530187468086,46.1561070886639
2180.1801801801803,0.09725360534386801,126.84805053260686,1023.5700749970648,48.76410942661387
2183.7837837837837,0.017984480302478113,87.41649587526551,1436.881777590614,38.484090411716764
2187.387387387387,0.054443163552677025,103.59268079445529,939.7111715337519,46.8702834590721
2190.990990990991,0.01369123751332596,85.36530500250971,1456.126105477283,25.586748128365645
2194.5945945945946,0.08593976144767373,98.55348064530801,1229.6532569184062,70.80232605544504
2198.198198198198,0.09583624011081053,92.8617146682503,987.6298233014555,61.747814707919915
2201.801801801802,0.03093922371116106,97.7268931065845,937.7530041608607,48.247632268910564
2205.4054054054054,0.08939696805538139,129.8660662414552,892.0598752505513,42.639141281500684
2209.009009009009,0.04582336324961225,93.76676473068791,1040.5141017252267,47.40837000115141
2212.612612612613,0.019060379807935592,88.53344502052872,1050.6496585798664,30.91694576118256
2216.2162162162163,0.009093642788580348,115.52492215232861,761.0118114655127,50.14328336322814
2219.8198198198197,0.09126809350823568,111.9242600346999,986.2572675479055,40.6729123970202
2223.4234234234236,0.047342168037436905,98.37912982406112,992.5530295315438,41.87041209775266
2227.027027027027,0.018117852802914315,93.3495610516658,829.3943488339518,43.44493813380646
2230.6306306306305,0.010229406579411106,92.31823011485207,1260.0737900371032,75.10027464021194
2234.2342342342345,0.05594858006918546,120.87018640920736,928.138768931725,48.48705032577199
2237.837837837838,0.07628757178228383,94.04384125212037,1258.804946489267,48.717008331998
2241.4414414414414,0.08792218316960036,76.3137323684465,1260.9876976819514,42.8713644413748
2245.0450450450453,0.07453041217347404,109.53102592071346,874.3320858112392,58.8468275759415
2248.6486486486488,0.010694877474109011,96.00126503873412,1284.656283542534,63.65146188330918
2252.252252252252,0.02358115053503325,77.97981862837412,1210.8704803358207,68.09687171325437
2255.8558558558557,0.018829620090594013,77.60557585578198,975.8255010714727,58.387147467846106
2259.4594594594596,0.015393408681669041,111.56292805049569,1168.3767216285169,44.208608097858956
2263.063063063063,0.04952593658593235,85.81035587978768,875.0911933711162,56.74801557967057
2266.6666666666665,0.046678807913616144,90.69376251752008,1191.0976302087563,66.42263402218799
2270.2702702702704,0.0006493270074585001,76.44913020093708,846.9416783735904,42.67807145347977
2273.873873873874,0.03400177670044873,65.82618748307564,1108.6980321110234,46.576288728083526
2277.4774774774774,0.09144843173032693,127.89080105137332,1234.5722685123983,47.36943060112041
2281.0810810810813,0.07446576417971117,98.85280483384884,1007.5403275654986,43.667446071331156
2284.6846846846847,0.046357468838378824,122.58240836386811,1288.8210876637283,58.86392005269346
2288.288288288288,0.02121621943025509,82.91781782172359,1170.7777732800132,51.100633453818865
2291.891891891892,0.07987488441178009,120.97213512750281,1203.98981074427,54.66385390918777
2295.4954954954956,0.07675058108860205,87.03575250026006,809.8919948119942,49.333812173544956
2299.099099099099,0.0299683944767888,89.33719915971288,1203.5135364253074,63.58765665831835
2302.702702702703,0.08581213417441419,93.04106894632434,1138.3058007530292,35.394231527302985
2306.3063063063064,0.07693991492186138,104.49798122924541,827.8758771067519,56.743259124195504
2309.90990990991,0.06191873498572447,89.94333012180219,1024.822494267888,53.392871317735455
2313.5135135135138,0.07142559319017143,104.27785833832797,856.8336075191985,47.1510115970113
2317.1171171171172,0.017350999901092023,74.36700427283627,1134.649807901556,40.66117765942871
2320.7207207207207,0.06367804323536871,102.64470666603941,1113.0716842052634,60.023672910592566
2324.324324324324,0.048644551159375396,120.26387612888323,941.073568611939,45.3109943058699
2327.927927927928,0.032932674012452756,128.54705246848175,1124.1936613331309,42.519298209455854
2331.5315315315315,0.08725978712258642,59.43748206286894,1194.5186124452762,63.493336179949395
2335.135135135135,0.018113055654951495,91.82317494840804,1218.5623611358283,67.52641774529135
2338.738738738739,0.02361732199529031,147.21205335510774,1015.7767052599099,55.26626501739947
2342.3423423423424,0.08180806267983332,101.80739042186889,916.2658171865571,50.72236299588209
2345.945945945946,0.08562486341853158,100.58528842757696,1205.2218621318646,60.90411196281791
2349.5495495495497,0.022180243700913295,110.93592080110075,1322.9533141456136,46.6147350919263
2353.153153153153,0.03586433585228598,106.24239419453323,1401.6618785273665,57.41654557025023
2356.7567567567567,0.0001435433662602681,83.39692269110785,1106.8255405358036,59.23140329395547
2360.3603603603606,0.0003431957906948946,110.15707886065447,1279.9456373817231,47.30734134329214
2363.963963963964,0.03814652530257887,105.75720382076607,1217.3141587414643,39.81803276729295
2367.5675675675675,0.09991090521951772,83.90991582333535,1024.3809648468791,50.60288255068528
2371.1711711711714,0.0968071735234331,102.10285366126516,686.2754359285827,46.891375963020835
2374.774774774775,0.011497582622287873,127.21669610110675,1120.5462477007918,48.81461904403241
2378.3783783783783,0.05680853589901319,97.1112641532059,699.8536184326731,49.624404115799756
2381.981981981982,0.058262218699967096,93.46154022558976,1042.6988554326495,65.34435879985928
2385.5855855855857,0.059426602450223666,117.78196805123412,976.4604451103781,31.285477388409408
2389.189189189189,0.06655210741176369,86.3709568320463,748.1783481977579,49.00960430564106
2392.7927927927926,0.023162610481526014,116.67281423717732,1081.503459089595,49.51053384612884
2396.3963963963965,0.05437478390469141,113.14217810136911,995.2518193577484,54.88745231522276
2400.0,0.09910927037787479,105.9899124015207,1346.360142856548,38.552943486155705
2403.6036036036035,0.08850354603398392,127.03410102043159,874.0824125919981,59.425124941988635
2407.2072072072074,0.034424475939013426,101.48183307825808,1186.787584160804,44.580052717614834
2410.810810810811,0.0131327686857887,99.80522480011574,880.9527811918998,35.12757579428428
2414.4144144144143,0.07540797758237101,100.07078751016972,1261.9910850358694,52.409876482733935
2418.018018018018,0.05260233793307439,75.60355276339592,880.2696230814624,55.99039041009896
2421.6216216216217,0.022423281788888295,74.06154733732957,1033.757040223136,31.84554273340614
2425.225225225225,0.03745596653514579,69.09649613368077,1094.3176625426363,51.73735226989555
2428.828828828829,0.0432309359351461,109.80458960117869,1128.1224287955915,41.8395441790803
2432.4324324324325,0.05288908746157194,83.4287778332954,1373.8450403360087,41.97358141613245
2436.036036036036,0.007293299805235465,124.02427443600354,664.7752143617693,35.59096099057374
2439.63963963964,0.08391650949264853,100.48584045479734,987.0918146544142,65.81832154126201
2443.2432432432433,0.01912801900793808,112.87449412095067,613.7546258421056,47.26063795466604
2446.846846846847,0.021838343098191694,82.51273523561915,1267.2228630852785,31.02318677409029
2450.4504504504503,0.0019323235528871054,74.29601685744323,1163.4283533578068,41.43937955439568
2454.054054054054,0.09877003434125484,111.22308133785505,975.2948056506006,41.98251540219674
2457.6576576576576,0.03884649298541368,141.90385542393167,675.4049454777197,50.664121257940636
2461.261261261261,0.017406269240376727,92.67881739874451,1249.1459863308305,63.33382322923906
2464.864864864865,0.01052909091410964,89.1582817808799,1023.8425255315173,48.83265799663179
2468.4684684684685,0.028855969088448466,86.98601590838852,1275.3688642276,41.96351065825667
2472.072072072072,0.0246241923980163,125.20961798464995,1016.1716743343275,40.88461934867745
2475.675675675676,0.046720387146222855,95.34328359972984,961.4646706008219,46.97272678546877
2479.2792792792793,0.022645272865330725,114.13213109706571,972.853406906249,56.06848566969629
2482.8828828828828,0.016626207960040752,80.69720610191398,1171.33661183822,48.12945996337533
2486.4864864864867,0.07162454211337392,84.39054050226652,967.0788596740131,44.17891310092351
2490.09009009009,0.003927547349316463,85.30033111160952,1079.098592178147,43.39890558698319
2493.6936936936936,0.01833120929440776,91.64716401176034,820.850116911967,32.35848943546955
2497.2972972972975,0.09350231892180513,111.3192727927333,1105.3118559559814,35.68497680871974
2500.900900900901,0.007078649383476132,73.67976890160121,895.5857440644301,65.45751921712927
2504.5045045045044,0.04840661905860147,44.469089789045135,644.4742442655705,42.18452847665833
2508.1081081081084,0.05785040024942162,102.38802605314665,771.1223718017402,61.0509639611819
2511.711711711712,0.03798538193048012,84.6149513035842,904.0254373434743,47.430933053899146
2515.3153153153153,0.07491055995608702,110.867544313544,1264.7379981581669,40.09515115382627
2518.9189189189187,0.026878702887465845,65.82849915936885,1056.5998889779833,64.49127825881449
2522.5225225225226,0.08091450785107872,77.8523550219269,939.7675273928959,39.06759044664829
2526.126126126126,0.001163839725727822,112.54334401542944,987.5305920900759,37.742416110100685
2529.7297297297296,0.05536287747006161,55.408313408743055,939.787246305988,51.60697914297237
2533.3333333333335,0.05067855516098409,108.17666806271176,1137.3772907222817,47.03420456296187
2536.936936936937,0.012611463347040976,122.03539802475683,1240.6993333251428,54.238039006585424
2540.5405405405404,0.07786888561866379,82.94639337480874,1119.757246903286,47.650630517985505
2544.1441441441443,0.056587968070230324,96.23926457719077,1169.3333396288158,39.78628528471424
2547.747747747748,0.011626148097393142,118.4118576842632,996.4473573187964,49.95484192271117
2551.3513513513512,0.005807359717176431,125.94682972049503,1243.938731809254,57.967093765061534
2554.954954954955,0.032387080398226964,87.65247272719606,1263.7635694410087,47.08393745953206
2558.5585585585586,0.005978067490200457,104.54128095489806,990.3118207895774,50.754069033283145
2562.162162162162,0.057648843156396026,101.57061344703892,524.6780756927701,50.84671218304794
2565.765765765766,0.05850128640483476,113.37218565793258,1053.2858231990017,36.0064300669996
2569.3693693693695,0.050998879300218715,98.45747965133273,530.4211420413237,51.826641797172265
2572.972972972973,0.09626318344949923,115.6381948976265,1210.2254024098265,61.00428130609137
2576.576576576577,0.06781369090690724,111.0962865251148,820.8881727562367,53.91108434728761
2580.1801801801803,0.05181691345118782,120.50670951024603,957.0239062158994,40.63968654847495
2583.7837837837837,0.019496160481070945,83.86745600420102,658.5196929055869,46.198820175496046
2587.387387387387,0.06991879001937477,105.75764665252534,1109.0294380944313,62.525340610607
2590.990990990991,0.008622063181702878,94.1477010312547,1199.0871859376593,45.07430810736539
2594.5945945945946,0.06316868940762221,120.17647687142123,848.6697117841085,60.70936849064026
2598.198198198198,0.045174630180996746,101.01269247128681,1004.4570356242108,47.173450051911274
2601.801801801802,0.0843367814444376,82.80281484129598,1079.318232585534,47.105529150543056
2605.4054054054054,0.0018659468507817413,108.70531272255015,870.0660498621239,51.924919065086065
2609.009009009009,0.05134572635451883,90.50178353576678,1163.4353162639422,43.33219627228964
2612.612612612613,0.046623621126483855,138.35960373920935,1041.207076710958,46.86400771513203
2616.2162162162163,0.0025550973410707113,124.34620953224577,792.9773621029196,53.950903564996686
2619.8198198198197,0.00842156162928751,105.2985730463094,1179.3379586014578,65.5590146203745
2623.4234234234236,0.0892397697113943,72.07505036714701,1135.6729425623648,51.097744644794616
2627.027027027027,0.040415923989892105,72.19023822532729,783.962789275899,48.63616186786304
2630.6306306306305,0.006039138922088805,154.49745707751626,1089.1801234173026,53.43672049021934
2634.2342342342345,0.02292765368537907,98.04404149401792,1270.2542510434623,39.502614470884474
2637.837837837838,0.04898075069001078,109.98482184290407,940.6694543029265,40.54363444691009
2641.4414414414414,0.06829116932801176,111.75698206638869,709.3154149853558,52.05304646397631
2645.0450450450453,0.03965952589589747,106.00520906031451,1121.5112174424141,50.46067978759968
2648.6486486486488,0.05258939447118867,109.74504785258108,1039.5810269540418,51.19209956533731
2652.252252252252,0.05186810797316974,79.94059325510756,1109.6372551483178,37.373384950960045
2655.8558558558557,0.009373002828556154,81.5250400930089,957.8863912108122,62.241079458478026
2659.4594594594596,0.00970283804373069,107.5763413145352,992.5111145120374,52.97270049039863
2663.063063063063,0.03694558385251786,102.94682680754443,985.3551799644501,55.65441921181772
2666.6666666666665,0.058913843568246464,114.24558397044994,1358.2757646901428,68.9773163781889
2670.2702702702704,0.0010767696696458162,114.89344764484568,1013.6219501426069,48.272499901972466
2673.873873873874,0.07282881229717929,114.85386218216964,767.1028106416671,59.94243281439189
2677.4774774774774,0.022484667004445815,108.24231172173528,1093.6826234222717,51.54371801800884
2681.0810810810813,0.061744531049506515,63.40260143587268,909.4285570747533,52.461690399853005
2684.6846846846847,0.0591878754009175,147.40277490828254,1079.9846362811088,55.282877537065175
2688.288288288288,0.07796325266928444,114.61383035163347,1227.8477065972631,63.36952327372819
2691.891891891892,0.06835785527278072,69.0898092934426,1035.6205199320252,60.82037783007536
2695.4954954954956,0.09999024718692011,113.33306307647318,857.5769348794337,48.505743358385665
2699.099099099099,0.0571529811311762,95.0758790656941,613.5471674513187,68.983374588868
2702.702702702703,0.09146673122140231,92.90252132942844,1030.3528292694484,55.55280848010153
2706.3063063063064,0.014434085880318859,63.891296668463376,882.5959676339911,61.79515336252509
2709.90990990991,0.09873152043043992,102.08590337727085,1048.7958233678935,51.825138197665574
2713.5135135135138,0.02405987547985572,134.45636127163667,536.5425966028965,47.65850530583133
2717.1171171171172,0.07168966841233437,59.774086291324934,873.1033581597673,46.07367775184617
2720.7207207207207,0.0059138453378673635,76.87019257077282,800.2145530011617,42.066229736525045
2724.324324324324,0.03848747505935716,103.42802566581953,939.3100230179671,62.8038471978468
2727.927927927928,0.040123803418508644,104.0046737009987,1139.6293438236905,35.53763947104296
2731.5315315315315,0.09853747054859462,137.8117703779963,1227.8807211958447,61.045070557460285
2735.135135135135,0.05156117806563058,71.76030480332962,1085.9727254675233,46.86237101292364
2738.738738738739,0.038192474580647784,86.92350235678455,1296.8062910603558,39.103812464271925
2742.3423423423424,0.08391145383186788,69.97877801692806,1327.862862029402,64.9152522096899
2745.945945945946,0.01641003307889707,118.90568894608717,1347.1808042545063,51.49010106504132
2749.5495495495497,0.045795646379681455,105.01378221971828,1044.7250499797603,44.855012877314806
2753.153153153153,0.07394708090575652,73.90779169827093,1281.8908472469998,82.29035317727983
2756.7567567567567,0.0921491653051157,69.95724030992189,1052.2159352557273,43.00599983307213
2760.3603603603606,0.047519228089655724,109.59858821784427,780.9230667709037,69.63989958101803
2763.963963963964,0.037930744353856495,75.67112828327254,882.4132011218765,55.27471054614071
2767.5675675675675,0.006706605223556584,82.51625733153381,1223.8456799451974,68.53272412993026
2771.1711711711714,0.005474570625883368,122.79594053845321,1197.6362705366937,61.89324012442543
2774.774774774775,0.09678631626501763,80.12939815898821,870.5734498465948,55.00568600189667
2778.3783783783783,0.049323695263296975,124.47194698977626,1249.0499994739307,59.55151228685991
2781.9819819819822,0.06752202284825391,119.13245257382141,1035.2095002659516,42.61143677388689
2785.5855855855857,0.05317106053706697,68.85874131513582,900.3883250560244,68.17106256433203
2789.189189189189,0.06355846461160689,103.68523221252795,998.7000093937061,46.09434028755611
2792.7927927927926,0.04493640895317572,59.18529772864795,1300.0860978264452,39.06117294824423
2796.3963963963965,0.0352824030470974,127.79336456588712,1156.2728009977661,56.8242148335415
2800.0,0.011477589798044885,86.72029423279471,1147.1663818027741,41.993630599067224
2803.6036036036035,0.03916382567366264,116.22687776597101,1097.7567142522184,49.411327752490145
2807.2072072072074,0.030182823036664853,132.29668377500752,1243.381069815228,55.73752031055063
2810.810810810811,0.09129930475280326,86.51485791321362,1146.329164065261,48.50355927177873
2814.4144144144143,0.07058236118157542,87.17414038495548,874.6189028248332,50.223922339485384
2818.018018018018,0.0315368411938652,96.93371794961173,701.2021740649444,47.17735992098557
2821.6216216216217,0.01700950371986576,108.9708230241646,823.8078888234196,51.776540239039676
2825.225225225225,0.023387749326626673,105.31656447853248,1103.7241108668284,47.28401913831109
2828.828828828829,0.027928213414860594,117.44346059762273,973.2925054569721,51.32131255021463
2832.4324324324325,0.01305779512497316,117.19359462695763,1051.0020448106573,29.05706327403578
2836.036036036036,0.09415118307702398,144.12178993664455,1162.1680443417422,34.35376416610857
2839.63963963964,0.028048261702605184,104.1479190590451,1240.3291296417863,50.29576505855549
2843.2432432432433,0.03090943532406465,127.7972790889422,709.6455862351922,51.75720620397221
2846.846846846847,0.03399997420609307,107.80456231040411,1100.9254855047343,67.44667322379684
2850.4504504504507,0.0386639550955537,106.01517323409813,1018.1910094673334,52.78016665806964
2854.054054054054,0.0790193498672561,117.8844031086117,811.6297740371654,60.70520002620676
2857.6576576576576,0.09233626835703378,124.66209193882219,1210.0270038032502,82.78931817564708
2861.261261261261,0.004591839004404664,84.29609155891144,1209.2651643834317,56.042824766568714
2864.864864864865,0.08264565845414532,107.95899371954826,799.2859439022542,37.04172922034678
2868.4684684684685,0.040498939520911326,83.93973549702108,1129.5070043120227,58.175565070044506
2872.072072072072,0.00099687003343778,135.34134445144758,1069.315058404108,51.693738143995674
2875.675675675676,0.08751294520959413,100.60377752581697,1173.791787099213,30.201112889353453
2879.2792792792793,0.02602731105567282,69.96235386560544,879.8481036210983,31.9911676717751
2882.8828828828828,0.04208401216607069,106.89202037577022,948.3231886394028,43.79032850320711
2886.4864864864867,0.039248384348447685,89.91690371041047,1088.778068635226,59.63717856832591
2890.09009009009,0.022793034768090525,97.90936354631263,1280.997852880415,53.70469593874231
2893.6936936936936,0.010077825696969234,81.94373633201775,1196.1207577361959,38.46973191299428
2897.2972972972975,0.014972762385936101,88.68742358367068,1333.6724848738936,49.78570540728885
2900.900900900901,0.050297296993040586,110.50862774970135,803.5768177488035,55.674363769100495
2904.5045045045044,0.0206099379792129,112.90097499099363,813.5253293833737,66.85405110029187
2908.1081081081084,0.012530289973722186,78.81988361998059,409.6720081503338,43.56001919114287
2911.711711711712,0.0661105762082002,77.51952825375089,727.1674218635378,54.538006165350524
2915.3153153153153,0.09056474815524644,106.58247646965087,865.6695379506498,40.290860553437625
2918.9189189189187,0.009681020443772947,120.83772832311168,603.5229992575439,58.661497187702416
2922.5225225225226,0.034671184247215596,99.28107027592503,757.3096219998109,31.596755140722607
2926.126126126126,0.05172652159852806,97.02887807647808,947.7987505660027,34.581583378244
2929.7297297297296,0.009905579835623336,96.92188688919032,1098.6420126269638,59.539476351583225
2933.3333333333335,0.06655285475221133,105.91242336569151,978.099799469575,65.76349905355278
2936.936936936937,0.0795676293496389,126.83602199429258,738.7184562263725,56.19481012352309
2940.5405405405404,0.04921196603029261,119.30624061036431,1093.2530340991907,44.3198225852605
2944.1441441441443,0.09138241980073743,76.96088974288091,1186.3608775819794,42.79608824821789
2947.747747747748,0.03103082869846462,87.79664433971557,1000.5712669264592,61.9060948658733
2951.3513513513512,0.05734022250915202,92.66645490701191,810.325277438433,51.71335254631307
2954.954954954955,0.06295469117063192,151.30804794167017,943.2858400983995,53.88956389855396
2958.5585585585586,0.0838880539168931,88.7168222956867,726.0213215195173,58.057497097304505
2962.162162162162,0.049299481699444515,106.37902276542579,963.8757166349089,43.23622984020417
2965.765765765766,0.027988356175080498,126.15885726471173,1201.0258611638187,44.63826326779158
2969.3693693693695,0.07102500437750411,78.6126675745685,1162.3246132626546,51.17090334826141
2972.972972972973,0.054812716315874616,130.96273181086778,638.55077789652,49.83949858461011
2976.576576576577,0.03282096771808629,112.23585463402546,696.0164558478614,59.563060852770526
2980.1801801801803,0.0829217127072494,96.81413439676014,1019.5923262741304,44.45875653817626
2983.7837837837837,0.020332834633028474,83.66729249079002,1210.3119676698707,66.70832461386777
2987.387387387387,0.05504048933572952,60.16149939388786,993.5848468964052,34.37728667326713
2990.990990990991,0.08404459596584091,102.24134088477942,884.1517866724234,52.37726069260144
2994.5945945945946,0.028898199855484242,81.6764464799663,1062.2437465796702,34.529173663388256
2998.198198198198,0.06560920726380307,92.57471130584608,709.4428950345174,46.31512084976339
3001.801801801802,0.06597973053955694,107.72711643166227,676.1790122559967,23.490827475113804
3005.4054054054054,0.02420740243180456,119.28008216271786,1092.0649451687293,48.414702192067054
3009.009009009009,0.05850430350349015,78.68122011100262,889.8889169601464,66.72315845330182
3012.612612612613,0.046418943859626985,74.84892819217788,1239.0371706044812,64.6001912732129
3016.2162162162163,0.0018316013633019159,80.13915721223657,1099.2511824620726,50.99169605406323
3019.8198198198197,0.09722627313398885,57.42703434205606,996.0347569741903,58.132498256652056
3023.4234234234236,0.008742932393352254,84.65618484141535,820.2732990019385,43.85657098475876
3027.027027027027,0.000536411981375684,117.3483244353627,1070.564476571093,42.060977068468574
3030.6306306306305,0.054062494509600684,108.38764041836092,1162.8965486705988,52.05318651663796
3034.2342342342345,0.09565875935846374,109.78223946133143,1013.0169121480094,47.303230381321306
3037.837837837838,0.025098308677175864,77.10651659354447,974.8606443819934,43.74939135042496
3041.4414414414414,0.025986250712140748,75.75573517037824,1099.42907024371,40.94747773028208
3045.0450450450453,0.04673640534725622,106.03814968815063,1048.008954863066,42.8821719884527
3048.6486486486488,0.05999684300294056,107.09443530337442,1100.5975602826402,57.13525868322889
3052.252252252252,0.014432145208756209,124.28111162805239,826.8470190274193,51.94888507508931
3055.8558558558557,0.09826105143794782,73.60891306894752,1271.3153446779086,46.518641190034025
3059.4594594594596,0.0024355373611688494,98.19512633344594,1061.5659528166505,38.90111381474179
3063.063063063063,0.02510619941864456,97.69770571639042,1095.2471853320963,47.44017410174983
3066.6666666666665,0.06904851417625545,92.45002096484944,1014.0170466546729,54.157734081107584
3070.2702702702704,0.03823258590011302,94.03757807257973,1044.5250566939453,38.233048936738044
3073.873873873874,0.09323045532151884,120.64041992452844,917.842272674488,42.075887842442576
3077.4774774774774,0.05503594086354874,137.72331207336322,1222.4712287483587,36.31170676231345
3081.0810810810813,0.049426889657424956,108.82310420841011,992.3740433589626,39.970599272451445
3084.6846846846847,0.09166099774118734,116.5215806077312,852.5596858433005,41.0863347502075
3088.288288288288,0.02011543787778357,123.65399576091426,1226.398570534533,58.06745967068754
3091.891891891892,0.02593328747461131,70.36547117491901,940.3454276544836,42.3719402654344
3095.4954954954956,0.003485653440669501,95.80636333496703,1217.0733820064452,43.73392919821234
3099.099099099099,0.052055462662743496,110.09095174783009,895.4568597343234,44.5863135891026
3102.702702702703,0.024649847700637495,119.99946374301814,746.033898024117,55.4653567656435
3106.3063063063064,0.07393674495013143,84.66292992899058,621.6694216506085,66.76536166742656
3109.90990990991,0.09033146804828349,56.86296511853551,1151.059872762025,46.77441863887608
3113.5135135135138,0.07687961343896621,107.1384657213027,912.741490414311,59.16759025886173
3117.1171171171172,0.044130706012187264,52.53997122664535,906.5219270389753,47.00004600450996
3120.7207207207207,0.02517401740518941,98.46714807932486,1081.385144515496,62.421758251862684
3124.324324324324,0.09363399085685967,132.7205843994367,968.5018155818201,37.53179346841493
3127.927927927928,0.09157938994421615,71.48569124297563,1076.1330724614147,60.06747786671393
3131.5315315315315,0.07926459326480582,83.29975180748889,807.6363800592509,51.812490064013936
3135.135135135135,0.03732030480688662,135.50695160853732,1166.4677285380465,62.028660182887585
3138.738738738739,0.09951476549187793,66.74086950030255,784.8845114354608,66.03359210373446
3142.3423423423424,0.027495802599240993,66.00594867095892,948.5700678518896,36.930789977114074
3145.945945945946,0.026163410973247692,111.68746990799141,976.2129306301033,52.229324177400564
3149.5495495495497,0.05623687627248552,81.17682159363574,841.0371824564181,66.36906079469773
3153.153153153153,0.007903659228476013,79.48174876148724,1121.9082304655135,55.064304070361956
3156.7567567567567,0.05363041828047124,90.27512764734793,1269.0326630959828,41.749844311359276
3160.3603603603606,0.08183850773851642,111.0627672290714,1162.414129003645,49.44683132501137
3163.963963963964,0.01889256461695601,77.03476933287831,805.4849639184276,46.118234733047004
3167.5675675675675,0.012412272626322707,105.9954108018231,1040.85747679199,39.553755012688534
3171.1711711711714,0.005049972078039866,109.92702186695426,481.2197225834319,47.673857477369985
3174.774774774775,0.04332336664213084,101.58340648532474,830.4955112576779,42.430329713934555
3178.3783783783783,0.05396741317990618,113.6842518366229,971.3795749743302,52.101682625862296
3181.9819819819822,0.06168348882788485,95.812842306214,1167.6649768157042,43.29406160316665
3185.5855855855857,0.06005902697416743,98.08641966064526,1003.6542008639443,45.22934644349974
3189.189189189189,0.0866815525399886,126.7936141246808,1152.6294937917016,46.83889276742943
3192.7927927927926,0.057883152736208324,119.5097501074471,962.5917724745804,45.38815629390672
3196.3963963963965,0.06894644910465172,114.2559158165782,1094.0600407376648,51.87194984819452
3200.0,0.09833887885387305,81.79919304469674,1049.5997560107553,51.622250614487186
3203.6036036036035,0.08148515263793041,101.81269691695894,979.6601813233876,51.925977272901676
3207.2072072072074,0.03566989079084106,113.79536377187327,821.7915915805886,66.74385403887368
3210.810810810811,0.03057434478034503,96.28500031325409,731.4321947401797,52.04955563724383
3214.4144144144143,0.041813079680627724,103.05319489495332,1032.5293836610376,63.87001235775926
3218.018018018018,0.0034491933361158415,84.65617464782923,502.8436385068763,69.37661012713335
3221.6216216216217,0.010522355353908441,122.7681185253893,815.7379809328816,73.63279706050673
3225.225225225225,0.0010537037176658326,80.56876132567515,971.9147629226989,41.25462580413013
3228.828828828829,0.023320084714574342,95.94603239594623,1289.0150979885757,39.54433334308824
3232.4324324324325,0.006199006191328793,107.48958438075816,1027.6347886994272,43.561922276834515
3236.036036036036,0.07118462021713166,65.44668695872441,1111.3789017287318,48.62352635520357
3239.63963963964,0.03911848315595998,124.76638520309878,899.1593408826928,32.63783095506795
3243.2432432432433,0.0779583657574872,109.94328283249389,855.8125997964156,50.15222613737541
3246.846846846847,0.05361633013677406,151.94397108582723,645.8330420888299,39.11922130554691
3250.4504504504507,0.08437628213682746,132.51306645615398,845.0070173062222,36.80705550381627
3254.054054054054,0.04828617481064101,111.39248688389728,1053.4415497110242,37.16637479260034
3257.6576576576576,0.013670231202478468,69.798538947963,972.2426025472944,50.77798985791979
3261.261261261261,0.08681335052872247,92.6164933750322,1055.5201172035215,37.33189092127493
3264.864864864865,0.04266048846826936,126.54889554486091,913.3765119832204,55.530894678430315
3268.4684684684685,0.005241694019969767,86.20125380383057,886.6576698895342,48.17399299510187
3272.072072072072,0.011529659747610988,84.30500652715428,1283.977162671581,42.40555390693504
3275.675675675676,0.07089693583685858,70.82056520326454,1174.648067010136,64.39731350889063
3279.2792792792793,0.049448947621917684,56.518430775178096,946.5116149021197,58.97952569613172
3282.8828828828828,0.04530560418596918,137.9201726374354,899.0409588215437,65.53796501834013
3286.4864864864867,0.09933296650283605,95.86746636745346,1000.9216551315646,57.05333551033717
3290.09009009009,0.0227490968698849,110.31881770748481,950.451237716784,41.45755903594827
3293.6936936936936,0.0499878731966292,61.454442948076455,975.2592198862159,52.45488987298395
3297.2972972972975,0.08500964214386228,119.89370473830357,1020.2040365294474,61.433526250137156
3300.900900900901,0.05592573459408539,113.14093464654222,1163.2043067716554,56.60773096009861
3304.5045045045044,0.07032153510351186,78.15498193000866,974.37243527013,52.87068148369267
3308.1081081081084,0.09032856893602922,79.7732912752584,903.682024456296,55.40138184428677
3311.711711711712,0.045507588810418366,115.62850167510578,1116.9308302935533,47.712330146838404
3315.3153153153153,0.06671182648885288,115.03573474590397,943.4172090353965,53.82400115011927
3318.918918918919,0.07372315727555438,80.64274641627372,1029.366102717281,50.34976191494288
3322.5225225225226,0.04317458279821438,92.10111831270001,1486.6718800380147,46.36665854539148
3326.126126126126,0.019868996130033192,95.94474150582674,1089.3709170372244,58.684057856427565
3329.7297297297296,0.0872860333944552,100.61969168998694,1095.04178706032,57.05884963902267
3333.3333333333335,0.036799120559684574,88.43768268406203,861.1534313719935,43.54513817614584
3336.936936936937,0.03474153931077865,114.51567615342577,1081.96339263243,48.00634111828427
3340.5405405405404,0.01168157392383027,146.18860336034956,793.7697147590129,52.21314453895852
3344.1441441441443,0.011646564270754823,84.77716871569682,1347.4566252846962,42.182622167594545
3347.747747747748,0.027740232598584793,98.34868224988334,915.591258209548,48.34411356522317
3351.3513513513512,0.005836382403718443,86.6953940654425,916.9080959550303,52.27255167158146
3354.954954954955,0.03860565378590909,104.2784570332565,1253.923132387405,47.1689233565165
3358.5585585585586,0.004811830779541149,113.39299863398537,1416.4159853451529,49.1659004468493
3362.162162162162,0.08755905929919588,79.76330195154686,717.9363867038068,58.66635533902541
3365.765765765766,0.017103665921949653,105.48225645474125,768.1819226534458,46.083857203581
3369.3693693693695,0.03858278744367825,120.82106283045692,823.5106676394431,61.59404434816847
3372.972972972973,0.04486567690658183,100.29526596192956,1224.5509054466452,50.96593476184784
3376.576576576577,0.008678788059543875,102.19160382227835,917.2075450293455,39.38971234716479
3380.1801801801803,0.05798283419310066,106.32912909551857,1073.5653433646048,62.67779601196622
3383.7837837837837,0.03640115815900602,82.04529427269433,896.5038494222634,62.55272869455839
3387.3873873873877,0.08880369285128308,112.33198109368891,1109.894493737369,45.80447580191054
3390.990990990991,0.0030738516486561785,84.45957696325387,1061.8323739671016,30.56310190626987
3394.5945945945946,0.05925032399448983,92.0485424812929,1243.236997537653,52.39070206843742
3398.198198198198,0.02874492327279704,124.63965342772175,1127.1908095869667,59.98112240461079
3401.801801801802,0.05126307174773703,130.1772165059893,1418.6227258788938,61.46910728827093
3405.4054054054054,0.06664925782331874,102.85881403193214,1176.143487988128,54.22205685272528
3409.009009009009,0.050317357574588564,92.63730246037638,1032.2109291262282,52.510963908381406
3412.612612612613,0.0719449611740847,116.81833293807865,669.0393713038253,50.82816835647671
3416.2162162162163,0.07670438569436694,82.18462638863276,852.7113572411392,65.33736900025804
3419.8198198198197,0.06985259837170199,106.85121305559782,1172.0312696477188,59.62643144041219
3423.4234234234236,0.02294379494924075,101.70838873790866,931.5184624755267,34.71687879350908
3427.027027027027,0.08432407938878123,113.64292548071171,886.2957175324694,45.58531770089086
3430.6306306306305,0.024010049265635436,128.71483422606502,981.2040496770319,64.9592809027384
3434.2342342342345,0.030392401413273373,128.29503292604596,1107.3828010745315,53.33084218582756
3437.837837837838,0.06378326252301295,123.98508336227022,863.923341514862,62.259982273268726
3441.4414414414414,0.07909159169763447,105.70572139476943,946.478322547435,49.772896046709505
3445.0450450450453,0.013785714277736439,106.21266418852346,1271.2595550921044,62.87941679199561
3448.6486486486488,0.04005290769905776,71.34946441262471,1190.477057122709,55.628351410886424
3452.252252252252,0.037121627745908894,105.20526375873104,767.4225094082694,40.27131008448169
3455.8558558558557,0.04914928648930294,121.02145006954666,1143.8889389616309,57.00733790938753
3459.4594594594596,0.03312792276091619,99.18084135829237,1085.3429249450805,59.05317073770146
3463.063063063063,0.006989826372874753,88.68146583298885,965.8844306827363,55.86061768244114
3466.6666666666665,0.024431808152761726,114.87382170825339,1091.6456921914132,55.50025596643166
3470.2702702702704,0.09473376022068758,109.86682944227998,770.3972496872956,58.16049983679928
3473.873873873874,0.04626446352283569,104.36368602592995,1466.4959902523747,63.74786541812348
3477.4774774774774,0.03863060296264359,108.03180397705441,957.1374620989809,50.89215332846429
3481.0810810810813,0.09964524373218359,102.21739776957078,1111.8994103070656,61.880141029255874
3484.6846846846847,0.02231935550561597,85.99046466796,876.3366234669833,48.565190867479224
3488.288288288288,0.06735067306799217,70.9769034567127,770.5006837822995,63.145767460235
3491.891891891892,0.0991663347164654,92.13493570917898,1184.280409417548,36.08395217323819
3495.4954954954956,0.07592611186353243,86.66980780440026,769.3718277252356,55.45183448018213
3499.099099099099,0.02961867453835375,88.02670825492173,1151.5639501702765,54.30355042183913
3502.702702702703,0.04346086859806543,91.3725511793886,1012.8346468765843,47.2386678861093
3506.3063063063064,0.09640407151136443,88.79440583604278,1078.2706564080731,48.543565286654996
3509.90990990991,0.048679226077618834,84.40084331460318,965.5458400552632,46.39477879230189
3513.5135135135138,0.04121429480777107,127.81274643500812,1126.9435122208906,55.46083533944844
3517.1171171171172,0.06774819617404586,137.67301716957732,1013.535002507402,48.21807517496304
3520.7207207207207,0.0065851094290977465,60.48180215177629,874.544396333192,58.68529118079406
3524.324324324324,0.09480868748859195,110.58544451473972,1124.2680795495394,32.88633095211007
3527.927927927928,0.07198167022000812,101.60784300405925,829.1863241514666,46.44177721468544
3531.5315315315315,0.09457187866625504,99.34325350655486,1042.1241535614354,45.774135047745226
3535.135135135135,0.06259200037084521,90.65252932986148,1361.2742204114838,68.13438157951373
3538.738738738739,0.009663682195656621,116.3559098879216,737.3215333340653,29.141856419400675
3542.3423423423424,0.06110541821366899,79.47934475634588,761.1830942220298,38.21980984124532
3545.945945945946,0.04850189631774639,79.5009569694596,766.5556030045227,51.086007874320295
3549.5495495495497,0.08713914185018899,115.46670599941336,1287.5132673610601,55.31164877402653
3553.153153153153,0.05552006144396694,90.93793202229753,937.8607881232559,52.06724314142899
3556.7567567567567,0.05774174460550957,86.79556602322661,629.2875821168316,72.92590890222645
3560.3603603603606,0.09244020798148284,85.41098086992481,808.2689848164654,33.11787968172683
3563.963963963964,0.02534249299508592,110.99340002555272,1191.7161951796018,51.181303570567344
3567.5675675675675,0.018646457805360228,114.01492875810132,698.9980115202914,53.99225344104009
3571.1711711711714,0.07953426433081338,88.43167630143475,973.7693404594046,49.62808862220814
3574.774774774775,0.04018328522812368,126.12719813354262,855.8362581429474,50.93199395719781
3578.3783783783783,0.05133218572198861,57.33003162592203,1025.3942774098587,50.450812102097096
3581.9819819819822,0.044700540301574436,98.86776734243534,737.8957792659713,47.83527896758643
3585.5855855855857,0.0025642438599356556,98.81435339316405,712.4929250021228,64.0409336119656
3589.189189189189,0.0044399051527705185,65.57787568831387,1089.3879497787898,43.32333749063588
3592.7927927927926,0.08835998683711836,86.67980711076102,920.4219838237011,52.92480466953978
3596.3963963963965,0.05337579763764147,142.31573057448327,945.3025024075567,71.5228724236449
3600.0,0.004080262817878245,129.3292698748651,1022.6452428305964,58.59812254798967
